D/A converter;https://audio-database.com/Accuphase-kensonic/etc.JPG;https://audio-database.com/Accuphase-kensonic/etc/index.html
A/D converter;https://audio-database.com/Accuphase-kensonic/etc.JPG;https://audio-database.com/Accuphase-kensonic/etc/index.html
MC Cartridge;https://audio-database.com/Accuphase-kensonic/etc.JPG;https://audio-database.com/Accuphase-kensonic/etc/index.html
MC Head Amplifier;https://audio-database.com/Accuphase-kensonic/etc.JPG;https://audio-database.com/Accuphase-kensonic/etc/index.html
Channel Divider;https://audio-database.com/Accuphase-kensonic/etc2.JPG;https://audio-database.com/Accuphase-kensonic/etc/index2.html
Graphic Equalizer;https://audio-database.com/Accuphase-kensonic/etc2.JPG;https://audio-database.com/Accuphase-kensonic/etc/index2.html
Voicing Equalizer;https://audio-database.com/Accuphase-kensonic/etc2.JPG;https://audio-database.com/Accuphase-kensonic/etc/index2.html
Clean power supply;https://audio-database.com/Accuphase-kensonic/etc3.JPG;https://audio-database.com/Accuphase-kensonic/etc/index3.html
Power Bridge Network;https://audio-database.com/Accuphase-kensonic/etc3.JPG;https://audio-database.com/Accuphase-kensonic/etc/index3.html
remote commander;https://audio-database.com/Accuphase-kensonic/etc3.JPG;https://audio-database.com/Accuphase-kensonic/etc/index3.html
Option Unit;https://audio-database.com/Accuphase-kensonic/etc3.JPG;https://audio-database.com/Accuphase-kensonic/etc/index3.htmlPhono Equalizer;https://audio-database.com/AIRTIGHT/etc.JPG;https://audio-database.com/AIRTIGHT/etc/index.htmlSurround Processor;https://audio-database.com/AKAI/etc.JPG;https://audio-database.com/AKAI/etc/index.html
Graphic Equalizer;https://audio-database.com/AKAI/etc.JPG;https://audio-database.com/AKAI/etc/index.html
Audio Timer;https://audio-database.com/AKAI/etc.JPG;https://audio-database.com/AKAI/etc/index.html
Headphone/Earphone;https://audio-database.com/AKAI/etc2.JPG;https://audio-database.com/AKAI/etc/index2.htmlMixing consoles;https://audio-database.com/ALTEC/etc.JPG;https://audio-database.com/ALTEC/etc/index.html
active equalizer;https://audio-database.com/ALTEC/etc.JPG;https://audio-database.com/ALTEC/etc/index.html
Limiter Amplifier;https://audio-database.com/ALTEC/etc.JPG;https://audio-database.com/ALTEC/etc/index.html
frequency shifter;https://audio-database.com/ALTEC/etc.JPG;https://audio-database.com/ALTEC/etc/index.html
Microphones;https://audio-database.com/ALTEC/etc.JPG;https://audio-database.com/ALTEC/etc/index.htmlSpectral equalizer;https://audio-database.com/AR/etc.JPG;https://audio-database.com/AR/etc/index.htmlAddress Unit;https://audio-database.com/AUREX/etc.JPG;https://audio-database.com/AUREX/etc/index.html
Channel Divider;https://audio-database.com/AUREX/etc.JPG;https://audio-database.com/AUREX/etc/index.html
PCM Processor;https://audio-database.com/AUREX/etc.JPG;https://audio-database.com/AUREX/etc/index.html
Graphic Equalizer;https://audio-database.com/AUREX/etc.JPG;https://audio-database.com/AUREX/etc/index.html
4ch Decorder;https://audio-database.com/AUREX/etc.JPG;https://audio-database.com/AUREX/etc/index.html
4ch Demodulator;https://audio-database.com/AUREX/etc.JPG;https://audio-database.com/AUREX/etc/index.html
Equalizer Amplifier;https://audio-database.com/AUREX/etc2.JPG;https://audio-database.com/AUREX/etc/index2.html
IC Cartridge;https://audio-database.com/AUREX/etc2.JPG;https://audio-database.com/AUREX/etc/index2.html
Condenser Cartridge;https://audio-database.com/AUREX/etc2.JPG;https://audio-database.com/AUREX/etc/index2.html
MM Cartridge;https://audio-database.com/AUREX/etc2.JPG;https://audio-database.com/AUREX/etc/index2.html
Peak Meter Unit;https://audio-database.com/AUREX/etc3.JPG;https://audio-database.com/AUREX/etc/index3.html
Headphone;https://audio-database.com/AUREX/etc3.JPG;https://audio-database.com/AUREX/etc/index3.html
Microphone;https://audio-database.com/AUREX/etc3.JPG;https://audio-database.com/AUREX/etc/index3.html
Mic Mixing Amplifier;https://audio-database.com/AUREX/etc3.JPG;https://audio-database.com/AUREX/etc/index3.html
Audio Timer;https://audio-database.com/AUREX/etc3.JPG;https://audio-database.com/AUREX/etc/index3.html
FM Antenna;https://audio-database.com/AUREX/etc3.JPG;https://audio-database.com/AUREX/etc/index3.htmlSpeaker Stand;https://audio-database.com/BandW/etc.JPG;https://audio-database.com/BandW/etc/index.htmlD/A Converter;https://audio-database.com/CEC/etc.JPG;https://audio-database.com/CEC/etc/index.html
Headphone Amplifier;https://audio-database.com/CEC/etc.JPG;https://audio-database.com/CEC/etc/index.html
Turntable;https://audio-database.com/CEC/etc2.JPG;https://audio-database.com/CEC/etc/index2.html
Phono Equalizer;https://audio-database.com/CEC/etc2.JPG;https://audio-database.com/CEC/etc/index2.htmlHeadphones;https://audio-database.com/CORAL/etc.JPG;https://audio-database.com/CORAL/etc/index.html
Cartridge;https://audio-database.com/CORAL/etc.JPG;https://audio-database.com/CORAL/etc/index.html
step-up transformer;https://audio-database.com/CORAL/etc.JPG;https://audio-database.com/CORAL/etc/index.html
Microphone;https://audio-database.com/CORAL/etc.JPG;https://audio-database.com/CORAL/etc/index.html
headshell, stand;https://audio-database.com/CORAL/etc.JPG;https://audio-database.com/CORAL/etc/index.htmlD/A Converter;https://audio-database.com/DENON-COLUMBIA/etc.JPG;https://audio-database.com/DENON-COLUMBIA/etc/index.html
Channel Divider;https://audio-database.com/DENON-COLUMBIA/etc.JPG;https://audio-database.com/DENON-COLUMBIA/etc/index.html
PCC Unit;https://audio-database.com/DENON-COLUMBIA/etc.JPG;https://audio-database.com/DENON-COLUMBIA/etc/index.html
Head Amplifier;https://audio-database.com/DENON-COLUMBIA/etc2.JPG;https://audio-database.com/DENON-COLUMBIA/etc/index2.html
Step Up Transformer;https://audio-database.com/DENON-COLUMBIA/etc2.JPG;https://audio-database.com/DENON-COLUMBIA/etc/index2.html
Cartridge;https://audio-database.com/DENON-COLUMBIA/etc2.JPG;https://audio-database.com/DENON-COLUMBIA/etc/index2.html
Tonearm;https://audio-database.com/DENON-COLUMBIA/etc2.JPG;https://audio-database.com/DENON-COLUMBIA/etc/index2.html
Turntable;https://audio-database.com/DENON-COLUMBIA/etc2.JPG;https://audio-database.com/DENON-COLUMBIA/etc/index2.html
Other Player Accessory;https://audio-database.com/DENON-COLUMBIA/etc2.JPG;https://audio-database.com/DENON-COLUMBIA/etc/index2.htmlDigital Audio Processor;https://audio-database.com/MITSUBISHI-DIATONE/etc.JPG;https://audio-database.com/MITSUBISHI-DIATONE/etc/index.html
4chSE Decorder;https://audio-database.com/MITSUBISHI-DIATONE/etc.JPG;https://audio-database.com/MITSUBISHI-DIATONE/etc/index.html
Power Meter;https://audio-database.com/MITSUBISHI-DIATONE/etc.JPG;https://audio-database.com/MITSUBISHI-DIATONE/etc/index.html
Cartridge;https://audio-database.com/MITSUBISHI-DIATONE/etc2.JPG;https://audio-database.com/MITSUBISHI-DIATONE/etc/index2.html
Microphone;https://audio-database.com/MITSUBISHI-DIATONE/etc2.JPG;https://audio-database.com/MITSUBISHI-DIATONE/etc/index2.html
Speaker Stand;https://audio-database.com/MITSUBISHI-DIATONE/etc2.JPG;https://audio-database.com/MITSUBISHI-DIATONE/etc/index2.htmlAudio Equalizer;https://audio-database.com/DYNACO-SCANDYNA/etc.JPG;https://audio-database.com/DYNACO-SCANDYNA/etc/index.html
4ch Adapter;https://audio-database.com/DYNACO-SCANDYNA/etc.JPG;https://audio-database.com/DYNACO-SCANDYNA/etc/index.htmlD/A Converter;https://audio-database.com/GOLDMUND-STELLAVOX/etc.JPG;https://audio-database.com/GOLDMUND-STELLAVOX/etc/index.html
Phono Equalizer;https://audio-database.com/GOLDMUND-STELLAVOX/etc.JPG;https://audio-database.com/GOLDMUND-STELLAVOX/etc/index.htmlChannel Divider;https://audio-database.com/GOTOUNIT/etc.JPG;https://audio-database.com/GOTOUNIT/etc/index.html
Network;https://audio-database.com/GOTOUNIT/etc.JPG;https://audio-database.com/GOTOUNIT/etc/index.htmlBalance Interface;https://audio-database.com/HARMAN_KARDON/etc.JPG;https://audio-database.com/HARMAN_KARDON/etc/index.htmlMixer, Transformer;https://audio-database.com/JBL/etc.JPG;https://audio-database.com/JBL/etc/index.htmlGraphic Equalizer;https://audio-database.com/Lo-D-HITACHI/etc.JPG;https://audio-database.com/Lo-D-HITACHI/etc/index.html
Mic Mixing Amplifier;https://audio-database.com/Lo-D-HITACHI/etc.JPG;https://audio-database.com/Lo-D-HITACHI/etc/index.html
Cartridge;https://audio-database.com/Lo-D-HITACHI/etc.JPG;https://audio-database.com/Lo-D-HITACHI/etc/index.html
Audio Timer;https://audio-database.com/Lo-D-HITACHI/etc.JPG;https://audio-database.com/Lo-D-HITACHI/etc/index.html
Compandor Unit;https://audio-database.com/Lo-D-HITACHI/etc.JPG;https://audio-database.com/Lo-D-HITACHI/etc/index.htmlPhono Equalizer Amplifier;https://audio-database.com/LUXMAN/etc.JPG;https://audio-database.com/LUXMAN/etc/index.html
Passive Attenuator;https://audio-database.com/LUXMAN/etc.JPG;https://audio-database.com/LUXMAN/etc/index.htmlAudio Computer;https://audio-database.com/MARANTZ/etc.JPG;https://audio-database.com/MARANTZ/etc/index.html
Attenuator;https://audio-database.com/MARANTZ/etc.JPG;https://audio-database.com/MARANTZ/etc/index.html
D/A Converter;https://audio-database.com/MARANTZ/etc.JPG;https://audio-database.com/MARANTZ/etc/index.html
Other;https://audio-database.com/MARANTZ/etc.JPG;https://audio-database.com/MARANTZ/etc/index.htmlD/A Converter;https://audio-database.com/MARK_LEVINSON/etc.JPG;https://audio-database.com/MARK_LEVINSON/etc/index.html
Equalizer Amplifier;https://audio-database.com/MARK_LEVINSON/etc.JPG;https://audio-database.com/MARK_LEVINSON/etc/index.html
Power Supply;https://audio-database.com/MARK_LEVINSON/etc.JPG;https://audio-database.com/MARK_LEVINSON/etc/index.html
Crossover Network;https://audio-database.com/MARK_LEVINSON/etc.JPG;https://audio-database.com/MARK_LEVINSON/etc/index.htmlMC Head Amplifier;https://audio-database.com/MCINTOSH/etc.JPG;https://audio-database.com/MCINTOSH/etc/index.html
D/A Converter;https://audio-database.com/MCINTOSH/etc.JPG;https://audio-database.com/MCINTOSH/etc/index.htmlRemote Controler;https://audio-database.com/MERIDIAN/etc.JPG;https://audio-database.com/MERIDIAN/etc/index.htmlMC Head Amplifier;https://audio-database.com/MICRO/etc.JPG;https://audio-database.com/MICRO/etc/index.html
Turntable;https://audio-database.com/MICRO/etc.JPG;https://audio-database.com/MICRO/etc/index.html
Tone Arm;https://audio-database.com/MICRO/etc.JPG;https://audio-database.com/MICRO/etc/index.html
Cartridge;https://audio-database.com/MICRO/etc.JPG;https://audio-database.com/MICRO/etc/index.htmlD/A Convertor;https://audio-database.com/NAKAMICHI/etc.JPG;https://audio-database.com/NAKAMICHI/etc/index.htmlSurround Decoder;https://audio-database.com/NEC/etc.JPG;https://audio-database.com/NEC/etc/index.html
Processor;https://audio-database.com/NEC/etc.JPG;https://audio-database.com/NEC/etc/index.htmlMC Head Amplifier;https://audio-database.com/ONKYO/etc.JPG;https://audio-database.com/ONKYO/etc/index.html
Graphic Equalizer;https://audio-database.com/ONKYO/etc.JPG;https://audio-database.com/ONKYO/etc/index.html
Surround Processor;https://audio-database.com/ONKYO/etc.JPG;https://audio-database.com/ONKYO/etc/index.html
Channel Divider;https://audio-database.com/ONKYO/etc.JPG;https://audio-database.com/ONKYO/etc/index.html
Other;https://audio-database.com/ONKYO/etc.JPG;https://audio-database.com/ONKYO/etc/index.htmlPassive line selector;https://audio-database.com/PHILIPS/etc.JPG;https://audio-database.com/PHILIPS/etc/index.html
Cartridge;https://audio-database.com/PHILIPS/etc.JPG;https://audio-database.com/PHILIPS/etc/index.htmlMC Head Amplifier;https://audio-database.com/PIONEER-EXCLUSIVE/etc.JPG;https://audio-database.com/PIONEER-EXCLUSIVE/etc/index.html
Graphic Equalizer;https://audio-database.com/PIONEER-EXCLUSIVE/etc.JPG;https://audio-database.com/PIONEER-EXCLUSIVE/etc/index.html
Surround Processor;https://audio-database.com/PIONEER-EXCLUSIVE/etc.JPG;https://audio-database.com/PIONEER-EXCLUSIVE/etc/index.html
Channel Divider;https://audio-database.com/PIONEER-EXCLUSIVE/etc.JPG;https://audio-database.com/PIONEER-EXCLUSIVE/etc/index.html
Other;https://audio-database.com/PIONEER-EXCLUSIVE/etc.JPG;https://audio-database.com/PIONEER-EXCLUSIVE/etc/index.htmlCartridge;https://audio-database.com/PICKERING/etc.JPG;https://audio-database.com/PICKERING/etc/index.htmlD/A Converter;https://audio-database.com/PROCEED/etc.JPG;https://audio-database.com/PROCEED/etc/index.htmlMC Module;https://audio-database.com/QUAD/etc.JPG;https://audio-database.com/QUAD/etc/index.html
Monaural Converter;https://audio-database.com/QUAD/etc.JPG;https://audio-database.com/QUAD/etc/index.html
Speaker Stand;https://audio-database.com/QUAD/etc.JPG;https://audio-database.com/QUAD/etc/index.html
Sleeve;https://audio-database.com/QUAD/etc.JPG;https://audio-database.com/QUAD/etc/index.htmlD/A Converter;https://audio-database.com/ROKSAN/etc.JPG;https://audio-database.com/ROKSAN/etc/index.htmlGraphic Equalizer;https://audio-database.com/ROTEL/etc.JPG;https://audio-database.com/ROTEL/etc/index.html
Phono Equalizer;https://audio-database.com/ROTEL/etc.JPG;https://audio-database.com/ROTEL/etc/index.html
Passive Controller;https://audio-database.com/ROTEL/etc.JPG;https://audio-database.com/ROTEL/etc/index.html
Headphone;https://audio-database.com/ROTEL/etc.JPG;https://audio-database.com/ROTEL/etc/index.htmlD/A Converter;https://audio-database.com/SANSUI/etc.JPG;https://audio-database.com/SANSUI/etc/index.html
PCM Processor;https://audio-database.com/SANSUI/etc.JPG;https://audio-database.com/SANSUI/etc/index.html
AV Processor;https://audio-database.com/SANSUI/etc.JPG;https://audio-database.com/SANSUI/etc/index.html
A/V Selector;https://audio-database.com/SANSUI/etc.JPG;https://audio-database.com/SANSUI/etc/index.html
Channel Divider;https://audio-database.com/SANSUI/etc.JPG;https://audio-database.com/SANSUI/etc/index.html
QS Synthesizer/Decorder;https://audio-database.com/SANSUI/etc.JPG;https://audio-database.com/SANSUI/etc/index.html
Graphic Equalizer;https://audio-database.com/SANSUI/etc.JPG;https://audio-database.com/SANSUI/etc/index.html
headphone;https://audio-database.com/SANSUI/etc2.JPG;https://audio-database.com/SANSUI/etc/index2.html
microphone;https://audio-database.com/SANSUI/etc2.JPG;https://audio-database.com/SANSUI/etc/index2.html
enclosure;https://audio-database.com/SANSUI/etc2.JPG;https://audio-database.com/SANSUI/etc/index2.html
speaker stand;https://audio-database.com/SANSUI/etc2.JPG;https://audio-database.com/SANSUI/etc/index2.html
cable;https://audio-database.com/SANSUI/etc2.JPG;https://audio-database.com/SANSUI/etc/index2.html
sidewood;https://audio-database.com/SANSUI/etc2.JPG;https://audio-database.com/SANSUI/etc/index2.htmlD/A Converter;https://audio-database.com/YAMAHA/etc.JPG;https://audio-database.com/YAMAHA/etc/index.html
Graphic equalizer;https://audio-database.com/YAMAHA/etc.JPG;https://audio-database.com/YAMAHA/etc/index.html
Processors;https://audio-database.com/YAMAHA/etc.JPG;https://audio-database.com/YAMAHA/etc/index.html
Selector, etc;https://audio-database.com/YAMAHA/etc.JPG;https://audio-database.com/YAMAHA/etc/index.html
Phono equalizer;https://audio-database.com/YAMAHA/etc2.JPG;https://audio-database.com/YAMAHA/etc/index2.html
Turntable;https://audio-database.com/YAMAHA/etc2.JPG;https://audio-database.com/YAMAHA/etc/index2.html
Tonearm;https://audio-database.com/YAMAHA/etc2.JPG;https://audio-database.com/YAMAHA/etc/index2.html
Cartridge;https://audio-database.com/YAMAHA/etc2.JPG;https://audio-database.com/YAMAHA/etc/index2.html